{
	"class_name" : "PinholeCameraParameters",
	"extrinsic" : 
	[
		0.050047842006000542,
		0.68778962870871907,
		-0.72418273947344602,
		0.0,
		0.99278672079608099,
		-0.11335652872076753,
		-0.039049000081208374,
		0.0,
		-0.10894833877350683,
		-0.71700468899240843,
		-0.68850165972304878,
		0.0,
		2.8084739420475917,
		2.898286376617472,
		26.278785398626276,
		1.0
	],
	"intrinsic" : 
	{
		"height" : 999,
		"intrinsic_matrix" : 
		[
			865.15937838065429,
			0.0,
			0.0,
			0.0,
			865.15937838065429,
			0.0,
			953.5,
			499.0,
			1.0
		],
		"width" : 1908
	},
	"version_major" : 1,
	"version_minor" : 0
}